-- Adminer 4.8.1 MySQL 8.0.31 dump

SET NAMES utf8;
SET time_zone = '+00:00';
SET foreign_key_checks = 0;
SET sql_mode = 'NO_AUTO_VALUE_ON_ZERO';

SET NAMES utf8mb4;

DROP TABLE IF EXISTS `categories`;
CREATE TABLE `categories` (
  `id` bigint unsigned NOT NULL AUTO_INCREMENT,
  `name` varchar(255) CHARACTER SET utf8mb4 COLLATE utf8mb4_unicode_ci NOT NULL,
  `slug` varchar(255) CHARACTER SET utf8mb4 COLLATE utf8mb4_unicode_ci NOT NULL,
  `created_at` timestamp NULL DEFAULT NULL,
  `updated_at` timestamp NULL DEFAULT NULL,
  PRIMARY KEY (`id`),
  UNIQUE KEY `categories_name_unique` (`name`),
  UNIQUE KEY `categories_slug_unique` (`slug`)
) ENGINE=InnoDB DEFAULT CHARSET=utf8mb4 COLLATE=utf8mb4_unicode_ci;

INSERT INTO `categories` (`id`, `name`, `slug`, `created_at`, `updated_at`) VALUES
(1,	'minima consequatur',	'minima-consequatur',	'2023-01-01 12:16:39',	'2023-01-01 12:16:39'),
(2,	'sit beatae',	'sit-beatae',	'2023-01-01 12:16:39',	'2023-01-01 12:16:39'),
(3,	'quo et',	'quo-et',	'2023-01-01 12:16:39',	'2023-01-01 12:16:39'),
(4,	'facilis corporis',	'facilis-corporis',	'2023-01-01 12:16:39',	'2023-01-01 12:16:39'),
(5,	'voluptate odit',	'voluptate-odit',	'2023-01-01 12:16:39',	'2023-01-01 12:16:39'),
(6,	'et esse',	'et-esse',	'2023-01-01 12:16:39',	'2023-01-01 12:16:39'),
(7,	'omnis dolorem',	'omnis-dolorem',	'2023-01-01 17:16:26',	'2023-01-01 17:16:26'),
(8,	'nisi saepe',	'nisi-saepe',	'2023-01-01 17:16:26',	'2023-01-01 17:16:26'),
(9,	'quis sit',	'quis-sit',	'2023-01-01 17:16:26',	'2023-01-01 17:16:26'),
(10,	'repudiandae accusamus',	'repudiandae-accusamus',	'2023-01-01 17:16:26',	'2023-01-01 17:16:26'),
(11,	'nobis cumque',	'nobis-cumque',	'2023-01-01 17:16:26',	'2023-01-01 17:16:26'),
(12,	'porro esse',	'porro-esse',	'2023-01-01 17:16:26',	'2023-01-01 17:16:26'),
(13,	'maiores occaecati',	'maiores-occaecati',	'2023-01-08 07:21:22',	'2023-01-08 07:21:22'),
(14,	'sed et',	'sed-et',	'2023-01-08 07:21:22',	'2023-01-08 07:21:22'),
(15,	'sunt ea',	'sunt-ea',	'2023-01-08 07:21:22',	'2023-01-08 07:21:22'),
(16,	'a incidunt',	'a-incidunt',	'2023-01-08 07:21:22',	'2023-01-08 07:21:22'),
(17,	'iste ullam',	'iste-ullam',	'2023-01-08 07:21:22',	'2023-01-08 07:21:22'),
(18,	'quam dolorem',	'quam-dolorem',	'2023-01-08 07:21:22',	'2023-01-08 07:21:22');

DROP TABLE IF EXISTS `failed_jobs`;
CREATE TABLE `failed_jobs` (
  `id` bigint unsigned NOT NULL AUTO_INCREMENT,
  `uuid` varchar(255) CHARACTER SET utf8mb4 COLLATE utf8mb4_unicode_ci NOT NULL,
  `connection` text CHARACTER SET utf8mb4 COLLATE utf8mb4_unicode_ci NOT NULL,
  `queue` text CHARACTER SET utf8mb4 COLLATE utf8mb4_unicode_ci NOT NULL,
  `payload` longtext CHARACTER SET utf8mb4 COLLATE utf8mb4_unicode_ci NOT NULL,
  `exception` longtext CHARACTER SET utf8mb4 COLLATE utf8mb4_unicode_ci NOT NULL,
  `failed_at` timestamp NOT NULL DEFAULT CURRENT_TIMESTAMP,
  PRIMARY KEY (`id`),
  UNIQUE KEY `failed_jobs_uuid_unique` (`uuid`)
) ENGINE=InnoDB DEFAULT CHARSET=utf8mb4 COLLATE=utf8mb4_unicode_ci;


DROP TABLE IF EXISTS `migrations`;
CREATE TABLE `migrations` (
  `id` int unsigned NOT NULL AUTO_INCREMENT,
  `migration` varchar(255) CHARACTER SET utf8mb4 COLLATE utf8mb4_unicode_ci NOT NULL,
  `batch` int NOT NULL,
  PRIMARY KEY (`id`)
) ENGINE=InnoDB DEFAULT CHARSET=utf8mb4 COLLATE=utf8mb4_unicode_ci;

INSERT INTO `migrations` (`id`, `migration`, `batch`) VALUES
(1,	'2014_10_12_000000_create_users_table',	1),
(2,	'2014_10_12_100000_create_password_resets_table',	1),
(3,	'2014_10_12_200000_add_two_factor_columns_to_users_table',	1),
(4,	'2019_08_19_000000_create_failed_jobs_table',	1),
(5,	'2019_12_14_000001_create_personal_access_tokens_table',	1),
(6,	'2022_12_30_074432_create_sessions_table',	1),
(7,	'2023_01_01_165808_create_categories_table',	2),
(8,	'2023_01_01_165824_create_products_table',	2),
(9,	'2023_01_01_171529_create_products_table',	3),
(10,	'2020_05_21_100000_create_teams_table',	4),
(11,	'2020_05_21_200000_create_team_user_table',	4),
(12,	'2020_05_21_300000_create_team_invitations_table',	4),
(13,	'2023_01_04_072652_create_shoppingcart_table',	4);

DROP TABLE IF EXISTS `password_resets`;
CREATE TABLE `password_resets` (
  `email` varchar(255) CHARACTER SET utf8mb4 COLLATE utf8mb4_unicode_ci NOT NULL,
  `token` varchar(255) CHARACTER SET utf8mb4 COLLATE utf8mb4_unicode_ci NOT NULL,
  `created_at` timestamp NULL DEFAULT NULL,
  KEY `password_resets_email_index` (`email`)
) ENGINE=InnoDB DEFAULT CHARSET=utf8mb4 COLLATE=utf8mb4_unicode_ci;


DROP TABLE IF EXISTS `personal_access_tokens`;
CREATE TABLE `personal_access_tokens` (
  `id` bigint unsigned NOT NULL AUTO_INCREMENT,
  `tokenable_type` varchar(255) CHARACTER SET utf8mb4 COLLATE utf8mb4_unicode_ci NOT NULL,
  `tokenable_id` bigint unsigned NOT NULL,
  `name` varchar(255) CHARACTER SET utf8mb4 COLLATE utf8mb4_unicode_ci NOT NULL,
  `token` varchar(64) CHARACTER SET utf8mb4 COLLATE utf8mb4_unicode_ci NOT NULL,
  `abilities` text CHARACTER SET utf8mb4 COLLATE utf8mb4_unicode_ci,
  `last_used_at` timestamp NULL DEFAULT NULL,
  `expires_at` timestamp NULL DEFAULT NULL,
  `created_at` timestamp NULL DEFAULT NULL,
  `updated_at` timestamp NULL DEFAULT NULL,
  PRIMARY KEY (`id`),
  UNIQUE KEY `personal_access_tokens_token_unique` (`token`),
  KEY `personal_access_tokens_tokenable_type_tokenable_id_index` (`tokenable_type`,`tokenable_id`)
) ENGINE=InnoDB DEFAULT CHARSET=utf8mb4 COLLATE=utf8mb4_unicode_ci;


DROP TABLE IF EXISTS `products`;
CREATE TABLE `products` (
  `id` bigint unsigned NOT NULL AUTO_INCREMENT,
  `name` varchar(255) CHARACTER SET utf8mb4 COLLATE utf8mb4_unicode_ci NOT NULL,
  `slug` varchar(255) CHARACTER SET utf8mb4 COLLATE utf8mb4_unicode_ci NOT NULL,
  `short_description` varchar(255) CHARACTER SET utf8mb4 COLLATE utf8mb4_unicode_ci DEFAULT NULL,
  `description` text CHARACTER SET utf8mb4 COLLATE utf8mb4_unicode_ci NOT NULL,
  `regular_price` decimal(8,2) NOT NULL,
  `sale_price` decimal(8,2) DEFAULT NULL,
  `SKU` varchar(255) CHARACTER SET utf8mb4 COLLATE utf8mb4_unicode_ci NOT NULL,
  `stock_status` enum('instock','outofstock') CHARACTER SET utf8mb4 COLLATE utf8mb4_unicode_ci NOT NULL,
  `featured` tinyint(1) NOT NULL DEFAULT '0',
  `quantity` int unsigned NOT NULL DEFAULT '1',
  `image` varchar(255) CHARACTER SET utf8mb4 COLLATE utf8mb4_unicode_ci DEFAULT NULL,
  `images` text CHARACTER SET utf8mb4 COLLATE utf8mb4_unicode_ci,
  `category_id` bigint unsigned DEFAULT NULL,
  `created_at` timestamp NULL DEFAULT NULL,
  `updated_at` timestamp NULL DEFAULT NULL,
  PRIMARY KEY (`id`),
  UNIQUE KEY `products_slug_unique` (`slug`),
  KEY `products_category_id_foreign` (`category_id`),
  CONSTRAINT `products_category_id_foreign` FOREIGN KEY (`category_id`) REFERENCES `categories` (`id`) ON DELETE CASCADE
) ENGINE=InnoDB DEFAULT CHARSET=utf8mb4 COLLATE=utf8mb4_unicode_ci;

INSERT INTO `products` (`id`, `name`, `slug`, `short_description`, `description`, `regular_price`, `sale_price`, `SKU`, `stock_status`, `featured`, `quantity`, `image`, `images`, `category_id`, `created_at`, `updated_at`) VALUES
(1,	'Hp Android',	'Android OS',	'Autem dolores explicabo ea omnis nisi. Quia sequi debitis in qui qui. Occaecati voluptas deserunt cumque labore et. Ducimus fugit consequatur eum voluptates ut sunt.',	'SIM Dual SIM (Nano-SIM, dual stand-by)\r\nSize 6.58 inches, 104.3 cm2 (~83.6% screen-to-body ratio)\r\nPLATFORM OS Android 11, MIUI 13\r\nChipset MediaTek MT6833 Dimensity 700 (7 nm)\r\nCPU Octa-core (2x2.2 GHz Cortex-A76 & 6x2.0 GHz Cortex-A55)\r\nGPU Mali-G57 MC2\r\nMEMORY Card slot microSDXC\r\nInternal 128GB 6GB RAM\r\nMAIN CAMERA Dual 50 MP, f/1.8, (wide), PDAF\r\n2 MP, f/2.4, (depth)\r\nFeatures LED flash, HDR, panorama\r\nVideo 1080p@30fps\r\nSELFIE CAMERA Single 5 MP, f/2.0\r\nFeatures HDR\r\nVideo 1080p@30fps\r\nBATTERY Type Li-Po 5000 mAh, non-removable',	150.00,	NULL,	'DIGI383',	'instock',	0,	187,	'digital_2.jpg',	NULL,	5,	'2023-01-01 12:16:39',	'2023-01-01 12:16:39'),
(2,	'sed qui',	'sed-qui',	'Ut labore labore quia voluptate cupiditate ipsum ipsa. Perferendis quidem voluptate et cum sed quam sed. Unde qui aliquam ut laborum aut.',	'Olike Smartwatch Azure with Smart Life Assistant\r\n\r\nDesain Ramping & Ringan\r\n- Nyaman digunakan setiap saat dengan desain minimalis\r\n- LCD Full Touch Screen\r\n- LCD 240x280 yang didukung dengan layar 1.69\" yang besar dengan resolusi tinggi\r\n- Smart Life Assistant\r\n\r\nDilengkapi dengan beberapa fitur penunjang kesehatan & aktivitas seperti:\r\n⁃ Heart rate monitoring\r\n⁃ Sleep monitoring\r\n⁃ Blood Pressure,\r\n⁃ Blood Oxygen (SpO2), dan sebagainya.\r\n⁃ Sport mode (Running, Walking, Climbing, Treadmill, Cycling, Yoga, Basketball, Football, Badminton)\r\n- Bluetooth Low Energy 5.2\r\n- Memungkinkan koneksi antara device yang singkat dengan konsumsi daya lebih rendah\r\n- Longlast Battery\r\n- Kinerja sistem yang efisien dengan konsumsi daya rendah.\r\n\r\nSpesifikasi Lengkap:\r\nModel : OW-W2\r\nWarna : Hitam\r\nApp : SMART TIME PRO\r\nStrap : Silicon TPU\r\nTampilan Layar : LCD Full Touch Screen\r\nResolusi Layar : 240 x 280 px\r\nUkuran Layar : 1,69 inch\r\nVersi Bluetooth : 5.2\r\nDurasi Pemakaian : 5 - 7 hari\r\nDurasi Standby : 15 hari\r\nPhone System : Android 4.4 Above/ iOS 8.0 Above\r\nSuitable for Any Casual or Sports Activities\r\n\r\nGaransi Resmi 1 Tahun\r\nKetentuan Pengiriman:\r\n- Pengiriman berjalan setiap Senin - Jumat\r\n- Khusus Sabtu, Minggu, dan Tanggal Merah libur tidak ada pengiriman.\r\n\r\nBerikut ini syarat & Ketentuan Komplain Produk:\r\n1. Lakukan Video Unboxing (Pembukaan Paket), Foto Penerimaan Produk, Foto Resi dan Label Pembeli saat paket sudah berhasil diterima sehingga jika ada Kerusakan, Kekurangan Produk/Hadiah, atau Ketidaksesuaian Produk yang diterima bisa dilakukan validasi melalui kelengkapan data tersebut.\r\n2. Jika tidak ada atau hanya memiliki salah satu dari kelengkapan data yang disebutkan, maka segala bentuk komplain yang masuk tidak bisa ditindaklanjuti atau dianggap tidak sah.\r\n*kecuali: memang ada kesalahan\r\n3. Jika kerusakan packaging hanya pada bagian luar (bagian dalam utuh, produk tidak ada kerusakan/kekurangan, dll) disebabkan penanganan paket dari Pihak Jasa Ekspedisi yang kurang baik.',	139.00,	NULL,	'DIGI269',	'instock',	0,	151,	'digital_11.jpg',	NULL,	4,	'2023-01-01 12:16:39',	'2023-01-01 12:16:39'),
(3,	'dolores suscipit',	'dolores-suscipit',	'Sed nostrum quam in et quaerat libero asperiores ipsam. Quod totam occaecati inventore rem. Aut sunt sapiente ullam dolor officia. Ad molestias at libero expedita ut. Modi ex ducimus nam suscipit.',	'Corrupti rerum non sint nobis voluptas excepturi et est. Non veniam explicabo aperiam repudiandae labore mollitia praesentium nesciunt. Tempore repellat cupiditate et est magni voluptas voluptatem dicta. Vitae et ipsa fugiat distinctio. Nam totam quod molestiae dolor et alias quam eaque. Error autem itaque culpa velit ipsam. In voluptate et optio occaecati repellat veniam dolorem.',	304.00,	NULL,	'DIGI461',	'instock',	0,	101,	'digital_12.jpg',	NULL,	5,	'2023-01-01 12:16:39',	'2023-01-01 12:16:39'),
(4,	'ad culpa',	'ad-culpa',	'Id accusamus ab sint a soluta aut. Aliquam earum in voluptates est enim. Ullam quia ut commodi nihil pariatur. Ab deleniti sunt qui tempora. Vel ipsum in autem ab at quam illum. Quo aut fugiat fugit.',	'Sit debitis cupiditate quisquam totam qui. Recusandae voluptatum possimus rerum maxime. Suscipit libero nihil assumenda exercitationem facilis veniam. Quidem libero sunt optio voluptas. Qui error explicabo alias dignissimos vel. Omnis dolorem quas est id ducimus. Nihil itaque consectetur consequuntur omnis voluptatem libero. Doloremque iusto et libero.',	361.00,	NULL,	'DIGI184',	'instock',	0,	176,	'digital_1.jpg',	NULL,	1,	'2023-01-01 12:16:39',	'2023-01-01 12:16:39'),
(5,	'ipsam ipsa',	'ipsam-ipsa',	'Tempore ratione accusamus sit eos molestias. Nihil dolores enim est. Vitae vero ut quam autem voluptatem voluptate non nostrum. Ratione mollitia ut est.',	'Consequatur commodi dolorem fuga iusto inventore facilis. Accusantium voluptas dolore eveniet temporibus. Fugit reprehenderit exercitationem distinctio totam suscipit autem non. Dicta voluptate voluptatem facilis id dolorem sed molestiae. Iure perferendis eaque dolorem hic. Culpa quo voluptas ipsa accusamus voluptatem ut. Placeat qui at fuga nihil nemo dolorem. Quam nesciunt quaerat quaerat placeat suscipit voluptates omnis animi.',	356.00,	NULL,	'DIGI236',	'instock',	0,	161,	'digital_20.jpg',	NULL,	4,	'2023-01-01 12:16:39',	'2023-01-01 12:16:39'),
(6,	'ad non',	'ad-non',	'Consequatur assumenda enim voluptates dolores aut. Mollitia libero cupiditate quaerat perspiciatis necessitatibus eos. Ratione aut quia neque culpa in optio.',	'Ipsum unde beatae ut excepturi. Velit voluptas quia id voluptas ut fuga. Facere provident sint rerum. Quae architecto ipsa enim sunt maxime. Laboriosam nihil sed vitae ullam. Earum velit quidem quis quo enim quisquam quia. Praesentium quo iste quia quia. Laboriosam sed cum officiis eius consequatur. Illo quia aut ad rerum. Repellendus non esse sunt et omnis officiis. Veritatis sequi deserunt minima sunt.',	288.00,	NULL,	'DIGI302',	'instock',	0,	181,	'digital_6.jpg',	NULL,	1,	'2023-01-01 12:16:39',	'2023-01-01 12:16:39'),
(7,	'labore eum',	'labore-eum',	'Iusto perspiciatis sequi ut explicabo voluptatibus corporis maxime. Et voluptas asperiores iusto in illo facere. Consequatur blanditiis eaque voluptatem.',	'Recusandae dignissimos et et rerum consequatur eum vitae laudantium. Odit vel voluptatibus dolores et sapiente. Et qui debitis recusandae perferendis ad amet. Unde fuga quidem adipisci laborum aliquid provident. Incidunt voluptas amet consectetur est. Rerum aliquid sed tenetur ut. Illum eligendi quia deleniti molestias neque quod. Distinctio unde laudantium aliquid possimus ab et.',	389.00,	NULL,	'DIGI177',	'instock',	0,	118,	'digital_8.jpg',	NULL,	3,	'2023-01-01 12:16:39',	'2023-01-01 12:16:39'),
(8,	'et dolorum',	'et-dolorum',	'Totam occaecati repellat atque et nihil impedit sequi. Aperiam ea voluptatem sed quaerat eum laboriosam. Odio ea at dicta perspiciatis dolor cumque dolores dignissimos.',	'Qui aspernatur pariatur beatae qui. Mollitia dignissimos aut aut ipsum. Numquam numquam totam enim quis sit et doloribus. Sit cumque sit vero et beatae ea nam. Sit voluptatem voluptatum porro est sit. Corporis et laboriosam illum sit aliquam aut incidunt. Laboriosam quis deserunt earum doloribus sit consequatur et. Ipsum velit nesciunt est tenetur enim est omnis. Aut hic temporibus necessitatibus.',	154.00,	NULL,	'DIGI373',	'instock',	0,	104,	'digital_5.jpg',	NULL,	3,	'2023-01-01 12:16:39',	'2023-01-01 12:16:39'),
(9,	'non et',	'non-et',	'Sint nemo aut iusto. Beatae ab id corrupti saepe. Itaque reiciendis numquam similique ut a ut soluta. Ipsam ullam sapiente nisi atque optio commodi debitis.',	'Beatae rerum ducimus labore nesciunt neque. Esse temporibus sit tempora. Ipsum molestias in enim quibusdam et. Rerum voluptatem quo consectetur nihil officiis. Cum neque est voluptas explicabo modi et neque. Dignissimos pariatur debitis sit voluptas. Expedita voluptatem accusamus eos voluptatem. Voluptas alias nisi non. In ab quis iure omnis adipisci illo. Quia sit cum minus odio.',	152.00,	NULL,	'DIGI441',	'instock',	0,	145,	'digital_14.jpg',	NULL,	1,	'2023-01-01 12:16:39',	'2023-01-01 12:16:39'),
(10,	'asperiores repellendus',	'asperiores-repellendus',	'Quo consequatur et aut saepe ipsa iure. Sed doloribus sed officia velit animi hic. Cupiditate vel fugiat eum hic. Ut voluptas minus ut suscipit eveniet ad.',	'Quidem ut laboriosam enim. Voluptas rerum culpa porro iste eum et est. Autem ut dolores expedita impedit at illo esse. Eveniet ipsa qui dolorem laudantium soluta. Harum explicabo enim cupiditate soluta qui qui. Ex quibusdam quasi alias. Iste enim dolore id. Dicta reprehenderit in vel esse facilis. Quis tenetur sunt minima quo laborum similique temporibus.',	83.00,	NULL,	'',	'instock',	0,	122,	'digital_22.jpg',	NULL,	1,	'2023-01-01 12:16:39',	'2023-01-01 12:16:39'),
(11,	'veniam animi',	'veniam-animi',	'Ea adipisci ratione et dolor enim. Velit ut consequatur ipsa distinctio quia. Et vel ut consectetur fugiat eaque rem eos debitis.',	'Incidunt quisquam exercitationem quas totam modi consequatur dolorem. Rerum qui qui nihil consequatur. Modi voluptatibus sit quo doloribus sit veniam. Laboriosam dolores aut ratione necessitatibus incidunt tempora magnam. Distinctio harum eum qui iste et rerum incidunt. Ipsum recusandae eos recusandae molestiae rerum laborum et et. Odio quo non sit eum. Nemo ducimus similique quia. Mollitia eaque ipsa ut unde veniam assumenda exercitationem.',	150.00,	NULL,	'DIGI292',	'instock',	0,	153,	'digital_13.jpg',	NULL,	1,	'2023-01-01 12:16:39',	'2023-01-01 12:16:39'),
(12,	'dolorem modi',	'dolorem-modi',	'Ad impedit consequatur aut earum. Enim quam velit exercitationem et quia dolor minima. Id accusantium quae quo minima ut natus nesciunt.',	'Et quos ut rerum quaerat. Doloribus quidem debitis voluptates unde atque. Pariatur doloribus eligendi et autem est vero et quae. Hic porro itaque autem voluptas omnis et pariatur. Repellendus modi officiis tenetur laborum nobis repellendus saepe. Totam facere minus omnis odit dolorem quod. Excepturi et unde sequi excepturi et sit veniam. Debitis deleniti est et vero. Pariatur perferendis non ut veniam laborum earum quidem rem.',	175.00,	NULL,	'DIGI467',	'instock',	0,	162,	'digital_9.jpg',	NULL,	3,	'2023-01-01 12:16:39',	'2023-01-01 12:16:39'),
(13,	'ipsa ipsum',	'ipsa-ipsum',	'Rerum sequi et repellat ipsam ut qui. Sed magni quam nihil illo harum laudantium. Atque voluptatum optio voluptatem eaque voluptates.',	'Corporis in ut cupiditate quis iure ut qui. Qui eaque ut eos ut non quae. Qui vel odio nemo quia. Fuga quis odit dolore dolor sunt dolorem corporis suscipit. Voluptatem deserunt aliquid architecto qui voluptatem impedit facere. Modi dolor iure explicabo autem nisi ut omnis enim. Ad ab dolorem molestias doloribus repudiandae. Dignissimos praesentium dolor animi assumenda. Nam tenetur doloribus autem non.',	192.00,	NULL,	'DIGI174',	'instock',	0,	126,	'digital_18.jpg',	NULL,	2,	'2023-01-01 12:16:39',	'2023-01-01 12:16:39'),
(14,	'quam odio',	'quam-odio',	'Libero suscipit sit provident consequuntur unde veniam. Autem qui voluptate mollitia consequatur. Perspiciatis officia voluptatem dolores consequatur consequuntur modi minus dolorem.',	'Sit omnis laboriosam aut et sed qui dolorum. Aliquam doloremque cum nulla sit quam eos aut. Consequatur ducimus ipsam sed sed inventore et. Ab non dolorem reiciendis aut voluptas et doloribus et. Harum architecto velit earum rerum est vero. Iste quidem architecto aut ut corporis praesentium. Et voluptas corporis repellendus quia architecto rerum. Cupiditate nam expedita enim amet corporis.',	43.00,	NULL,	'DIGI117',	'instock',	0,	123,	'digital_3.jpg',	NULL,	4,	'2023-01-01 12:16:39',	'2023-01-01 12:16:39'),
(15,	'voluptate reiciendis',	'voluptate-reiciendis',	'Ut ea reiciendis et quo perferendis. Facilis quo quis ex animi qui. Doloribus alias quis voluptatem odit veniam ea voluptates. Id necessitatibus sint occaecati ut modi natus.',	'Alias ipsum nihil rerum delectus consequatur voluptatem maiores. Qui consequatur earum expedita sequi occaecati. At provident repellendus optio. Voluptas voluptatem voluptas aut eveniet quisquam. Ullam facere id officia. Recusandae repellat porro maxime eum quia. Eligendi consectetur omnis qui velit ipsa. Placeat dolores nobis officia est eum. Nesciunt a excepturi itaque ea natus inventore. Error nisi rem eum perferendis.',	376.00,	NULL,	'DIGI311',	'instock',	0,	138,	'digital_15.jpg',	NULL,	4,	'2023-01-01 12:16:39',	'2023-01-01 12:16:39'),
(16,	'iste eius',	'iste-eius',	'Molestiae nihil explicabo maiores tempore ipsum. Est in officia dolorem expedita voluptatibus doloribus tempore sunt. Non labore ullam doloremque repellendus.',	'Blanditiis eligendi consequuntur sequi omnis rem cumque est. Maiores vel illo natus saepe harum qui. Aspernatur similique quia repudiandae tempore qui omnis. Ea dolore eum sint ut quam non sequi. Animi aliquid suscipit qui accusamus optio ut quia. Reprehenderit nulla sit numquam fugiat eveniet in illo deleniti. Consequatur voluptatum natus labore officia quo. Tenetur nemo odio cum. Necessitatibus cum quia iste. In fugiat dolores quae est hic aspernatur.',	377.00,	NULL,	'DIGI288',	'instock',	0,	142,	'digital_16.jpg',	NULL,	1,	'2023-01-01 12:16:39',	'2023-01-01 12:16:39'),
(17,	'et deserunt',	'et-deserunt',	'Eligendi in itaque voluptate nemo consectetur sit aut exercitationem. Et et aut temporibus impedit nisi. Numquam qui sunt non quo unde sed repellendus qui.',	'Fugit eos at incidunt vero quis aspernatur. Tempore veniam consequuntur eligendi eos. Est ea quis quisquam doloribus distinctio. Quisquam magni numquam iusto eveniet dicta neque. Tempore eum numquam ratione deleniti explicabo autem ab. Vero deleniti deserunt eius quia consectetur. Voluptas quia vel est. Voluptas odit autem et et maiores quasi possimus. A et voluptatum soluta est velit vitae. Dolores dolore tenetur natus ea.',	240.00,	NULL,	'DIGI396',	'instock',	0,	110,	'digital_7.jpg',	NULL,	5,	'2023-01-01 12:16:39',	'2023-01-01 12:16:39'),
(18,	'quasi ducimus',	'quasi-ducimus',	'Amet delectus cupiditate consequuntur. Est incidunt omnis ut rem perferendis quisquam. Occaecati sint porro et voluptates et. Dolores dolorem ipsum facere sed.',	'Facilis et aut consequatur et. Sed est labore illum hic. Deleniti autem quasi ipsam repellendus architecto ut ut et. Corrupti consectetur deleniti et non doloremque quis voluptatem. Et distinctio voluptatum corporis. Unde enim autem quia maxime placeat. Animi odio dignissimos odio asperiores repudiandae qui. Dicta repellendus ea ut corrupti non tempora. Iure quia est natus debitis.',	355.00,	NULL,	'DIGI317',	'instock',	0,	114,	'digital_21.jpg',	NULL,	5,	'2023-01-01 12:16:39',	'2023-01-01 12:16:39'),
(19,	'incidunt asperiores',	'incidunt-asperiores',	'Neque ex consequatur qui consectetur est veritatis corrupti excepturi. Cumque non quae ut aut.',	'Ipsa consequatur facere dolorem nostrum sapiente vel nisi quia. Nostrum quas debitis exercitationem inventore vel culpa. Non odio laborum incidunt aut qui et. Quo dolores similique quod qui sit dolorem sunt. Et minima vel ut omnis. Quis vel et corrupti officia ipsa. Non iure cupiditate ut voluptatem. Et qui ut est iure. Facere quia tempore illum dolorem. Minus soluta soluta harum voluptate enim voluptatem.',	129.00,	NULL,	'DIGI289',	'instock',	0,	120,	'digital_10.jpg',	NULL,	5,	'2023-01-01 12:16:39',	'2023-01-01 12:16:39'),
(20,	'beatae quis',	'beatae-quis',	'Commodi et facere ut rerum temporibus ut. Sit eum qui deleniti numquam rem assumenda voluptatem. Aut aspernatur deserunt sunt velit reiciendis dicta voluptas.',	'Suscipit nesciunt est accusamus hic. Perferendis placeat eos velit ex mollitia omnis dolore. Ipsa natus dicta consectetur veritatis. Illo voluptate nesciunt ullam eligendi. Et vitae enim aliquam tempora. Provident est aliquam eveniet quia commodi. Et ut unde nulla. Veritatis voluptas cumque eius sed libero ut. Voluptatum eveniet voluptatem et quia aut expedita nobis. Non sunt molestiae ducimus eveniet omnis sint eos.',	118.00,	NULL,	'DIGI483',	'instock',	0,	167,	'digital_4.jpg',	NULL,	3,	'2023-01-01 12:16:39',	'2023-01-01 12:16:39'),
(21,	'harum quod',	'harum-quod',	'Omnis quod eos ut fuga vitae assumenda voluptas. Blanditiis et enim praesentium natus nihil. Nostrum quo modi qui maxime deserunt velit.',	'Tenetur maxime voluptas id voluptatem. Et nesciunt illo id nisi consequatur quisquam ad explicabo. Nihil odit sint consequatur ratione. Ad consequatur unde quis sit et omnis qui. Voluptatem voluptatem non laboriosam temporibus facere quibusdam. Illo magnam officia in id. Et impedit commodi hic inventore. Sapiente ipsam iure et velit. Cumque alias esse est non nobis facere. Itaque accusamus qui nam non et cum.',	418.00,	NULL,	'DIGI291',	'instock',	0,	161,	'digital_19.jpg',	NULL,	3,	'2023-01-01 12:16:39',	'2023-01-01 12:16:39'),
(22,	'asperiores sint',	'asperiores-sint',	'Vitae deserunt laborum iste nobis in magni. Sed odit harum sed minus. Commodi voluptates pariatur autem ipsam recusandae non sequi omnis.',	'Nesciunt reiciendis fugit nemo totam. Dolorem sed fugit laudantium cupiditate officiis. Vero officiis omnis architecto veniam. Unde sapiente et pariatur vitae fuga atque. Aut odio id et qui. In rerum similique dolores eius magnam. Dolorem asperiores sunt id. Hic libero officia excepturi recusandae. Ea quas ratione minus ut voluptatem id qui. Sequi aut voluptas recusandae in perspiciatis quia et.',	102.00,	NULL,	'DIGI496',	'instock',	0,	160,	'digital_17.jpg',	NULL,	1,	'2023-01-01 12:16:39',	'2023-01-01 12:16:39'),
(23,	'officiis officiis',	'officiis-officiis',	'Similique aperiam dolor beatae quis nemo sed. Sint velit facilis sunt qui. Accusantium eius in similique repudiandae aut qui. Et quis beatae animi qui officia facere blanditiis necessitatibus.',	'Magnam labore ipsa neque doloremque omnis. Iste reiciendis nostrum voluptatem blanditiis. Minima quisquam fuga qui debitis repellat sed magnam. Suscipit numquam earum id at ut aliquam. Saepe autem odit iste sed ut. Maxime aliquid ut id ullam. Alias qui sequi ullam sunt et quo. Ipsa fugiat soluta rerum molestiae voluptates illo. Sed necessitatibus tempora delectus doloribus dolores est. Ut provident commodi molestiae cupiditate.',	166.00,	NULL,	'DIGI390',	'instock',	0,	101,	'digital_12.jpg',	NULL,	1,	'2023-01-01 17:16:26',	'2023-01-01 17:16:26'),
(24,	'et fuga',	'et-fuga',	'Dignissimos qui ex culpa unde hic beatae. Amet sint sapiente distinctio temporibus pariatur iure laboriosam aspernatur.',	'Velit corrupti et ea. Id vel rem corrupti. Perferendis sint incidunt accusamus nisi pariatur quia natus. Minus tempora distinctio at ut veritatis sapiente. Ipsam qui earum corporis cumque. Vero ea quia quia doloribus dolor. Totam vel exercitationem nam quisquam et qui accusantium. Numquam atque reiciendis excepturi aut voluptate et. Culpa dolorem sunt dolorum vero architecto officiis. Dolorem rem commodi ut rerum quisquam suscipit.',	77.00,	NULL,	'DIGI189',	'instock',	0,	109,	'digital_4.jpg',	NULL,	4,	'2023-01-01 17:16:26',	'2023-01-01 17:16:26'),
(25,	'aut aut',	'aut-aut',	'Cum dolorem ea nihil consequatur fugiat sit. Corporis harum quisquam odio qui aut magnam.',	'Quidem itaque vel sed deserunt facere qui magni. Commodi commodi accusantium et dolorem non veniam nesciunt atque. Quibusdam qui fugiat at. A esse adipisci est laudantium repudiandae sunt cumque. Repellat nobis omnis amet doloribus tenetur. Corporis voluptas doloribus ipsam pariatur autem temporibus itaque. Voluptatem sed nemo sed dolor eveniet mollitia. Cum ratione vel libero omnis deleniti. Omnis eius omnis magni nulla quo. Facilis voluptatum error possimus. Minima quam aspernatur cum magni.',	212.00,	NULL,	'DIGI310',	'instock',	0,	160,	'digital_6.jpg',	NULL,	5,	'2023-01-01 17:16:26',	'2023-01-01 17:16:26'),
(26,	'vel officiis',	'vel-officiis',	'Dolore vel sed sed rerum vero possimus ut. Est vel impedit voluptates facilis et et dolores. Maiores aut nihil itaque et fuga ex dolore. Facere provident quod non voluptates nihil quo.',	'Et voluptatem numquam omnis labore est. Enim laboriosam perspiciatis enim molestias repellat harum. Et aut natus et voluptatem qui. Et aut debitis omnis aut libero a. Recusandae quibusdam recusandae nobis. Non sed tenetur pariatur. Provident dolor sit et illo. Rem quo quia est molestiae aut vitae. Quaerat modi esse aut sunt sunt laboriosam. Quia reprehenderit quis magni sunt voluptatem reiciendis ex. Facere repellat blanditiis qui hic. Consequatur natus nam rerum enim.',	18.00,	NULL,	'DIGI256',	'instock',	0,	175,	'digital_16.jpg',	NULL,	3,	'2023-01-01 17:16:26',	'2023-01-01 17:16:26'),
(27,	'veniam quam',	'veniam-quam',	'Neque aliquid iusto voluptate dolores repudiandae at. Qui quibusdam velit sunt deserunt ut qui. Reprehenderit repellat ex inventore sed.',	'Rerum ut nesciunt culpa et eligendi ratione veniam. Alias sit ad consequatur consequuntur. Velit soluta atque asperiores qui porro necessitatibus. Aut eveniet in doloribus occaecati aut. Illo quisquam quo quia minima cum error laboriosam. Molestiae ullam mollitia est et. Sed qui sint exercitationem itaque unde qui odit. Quia amet velit nam ea quas. Autem accusantium atque est numquam quasi ut quas quia. Sed officiis exercitationem non officiis accusantium soluta.',	140.00,	NULL,	'DIGI216',	'instock',	0,	183,	'digital_21.jpg',	NULL,	1,	'2023-01-01 17:16:26',	'2023-01-01 17:16:26'),
(28,	'rerum temporibus',	'rerum-temporibus',	'In expedita quos tempore ducimus. Voluptas totam quo atque sed aut. Et alias ex aliquam nobis facilis. Necessitatibus sequi sed libero dicta.',	'Rerum nam voluptates doloremque. Rerum similique et voluptatem nulla. Sint molestias facilis exercitationem architecto rem. Ea est expedita vel soluta. Culpa libero quo omnis nemo et. Placeat cumque sit distinctio magnam saepe. Numquam rerum rem sed aut commodi ipsa. Labore ab dicta beatae iure tempore. Commodi reprehenderit est in ad enim. Qui atque soluta tempora tenetur quia nisi. Ut et repudiandae saepe voluptatum. Impedit recusandae dignissimos quas quis nisi tempora.',	16.00,	NULL,	'DIGI382',	'instock',	0,	176,	'digital_17.jpg',	NULL,	4,	'2023-01-01 17:16:26',	'2023-01-01 17:16:26'),
(29,	'laborum repellendus',	'laborum-repellendus',	'Qui repellendus ducimus doloremque voluptatem nemo corporis. Ipsam debitis est et nesciunt eaque dolor. Similique et reprehenderit nobis blanditiis voluptatem. Consectetur repellat id quo omnis quam.',	'Atque sed minus ut vel. Dicta sit blanditiis voluptas earum alias. Omnis molestiae odit reprehenderit ipsam dolore id. Tenetur unde quia nesciunt tempora. Ut pariatur voluptatum assumenda blanditiis. Adipisci deserunt sit omnis officiis quam. Ipsa quibusdam natus consequatur occaecati et rem. Aut voluptatem vitae quia ut deserunt explicabo amet.',	184.00,	NULL,	'DIGI441',	'instock',	0,	126,	'digital_2.jpg',	NULL,	3,	'2023-01-01 17:16:26',	'2023-01-01 17:16:26'),
(30,	'voluptatum at',	'voluptatum-at',	'Sint natus ut qui accusantium blanditiis. Expedita aliquam hic quas optio assumenda quia laboriosam. At perspiciatis laudantium et.',	'Quidem voluptatem eum sed aut. Natus sint id et odio at enim officia. Voluptas et exercitationem harum sunt aperiam eum consectetur. Ab officia quasi enim repellat dolorum voluptatem et quia. Aut voluptatem quos odio maxime. Enim veritatis in exercitationem. Perferendis incidunt voluptates fugit quod esse cum. Laboriosam porro reiciendis et quia. Qui sit velit impedit alias aut. Et omnis ex tempora porro et excepturi.',	464.00,	NULL,	'DIGI209',	'instock',	0,	105,	'digital_19.jpg',	NULL,	4,	'2023-01-01 17:16:26',	'2023-01-01 17:16:26'),
(31,	'et aperiam',	'et-aperiam',	'Quasi voluptas nulla quae voluptates quo. Accusamus a est voluptates saepe doloribus et. Quia nihil qui voluptatem reiciendis numquam.',	'Sed mollitia officia labore exercitationem doloremque odio. Aperiam est maiores tenetur omnis facilis totam blanditiis. Magnam aperiam nihil debitis expedita. Eos et sequi soluta repudiandae. Quisquam qui nobis vel maxime. Ipsa laborum nam facere et molestiae incidunt et. Et nesciunt quos maiores. Soluta recusandae id sunt. Ut sed id incidunt aut impedit nisi. Excepturi hic sed ex sit. Doloremque repudiandae voluptatem nemo deserunt impedit veritatis at.',	343.00,	NULL,	'DIGI305',	'instock',	0,	103,	'digital_9.jpg',	NULL,	1,	'2023-01-01 17:16:26',	'2023-01-01 17:16:26'),
(32,	'ut aut',	'ut-aut',	'Laborum sunt id et placeat sed officiis qui. Iste sit molestiae aut et. Expedita id consequatur sit et tenetur odio.',	'Aut iusto accusamus ut numquam et ea. Voluptate quia eaque sint aut quibusdam molestiae magni. Tempora est voluptas quisquam quo ea. Ea ut error rem. Libero voluptatibus quos aut numquam aliquid ipsam unde incidunt. Ut debitis accusantium enim blanditiis voluptatibus. Ut quisquam aut magnam quasi mollitia velit ipsa. Fugiat a ab maxime qui consequatur consequuntur aspernatur. Illum tenetur voluptas eveniet nihil laudantium repellendus. Odio enim explicabo animi quisquam natus iure.',	254.00,	NULL,	'DIGI359',	'instock',	0,	112,	'digital_5.jpg',	NULL,	3,	'2023-01-01 17:16:26',	'2023-01-01 17:16:26'),
(33,	'error labore',	'error-labore',	'Qui suscipit at voluptas fugit est. Est perspiciatis sunt et et alias animi ut. Quia hic ipsam enim dolor ut quis aspernatur. Rem quasi corrupti autem odio.',	'Qui ad magni provident. Perspiciatis magni laudantium consectetur consequatur laboriosam ut. Maiores sed voluptas culpa. Laborum commodi culpa beatae harum id dicta vero. Nam odit eum incidunt corrupti tempora non omnis. Sed aut laborum ea ad veniam qui. Occaecati laboriosam est iste quis adipisci est labore. Consequatur ut et illum iste ut est. Rerum mollitia dolorem consequatur magni quis minus perferendis temporibus. Consequatur rerum pariatur voluptatem ad cumque error consequatur.',	120.00,	NULL,	'DIGI258',	'instock',	0,	199,	'digital_7.jpg',	NULL,	3,	'2023-01-01 17:16:26',	'2023-01-01 17:16:26'),
(34,	'earum dolores',	'earum-dolores',	'Est fuga veniam vitae deserunt ipsum. Molestias nihil corporis ipsum praesentium mollitia. Nulla et ut in placeat unde et rem. Consequatur rerum quos quam ipsam sed quidem.',	'Quibusdam reprehenderit aliquid repudiandae quisquam quo. Quisquam non possimus dolorum eius. Doloremque autem exercitationem delectus est repellat voluptatibus cumque. Perferendis id consectetur in rerum. Non excepturi non minus blanditiis cumque qui. Quia minus dignissimos sed qui quos. Et qui sed aut et. A perspiciatis ut non est modi. Ad molestiae vero eaque harum occaecati.',	371.00,	NULL,	'DIGI298',	'instock',	0,	144,	'digital_22.jpg',	NULL,	2,	'2023-01-01 17:16:26',	'2023-01-01 17:16:26'),
(35,	'reiciendis non',	'reiciendis-non',	'Corrupti adipisci voluptatum vitae quae temporibus eius est. Eaque rem accusamus alias ea magni. Molestias eveniet omnis aspernatur sapiente commodi voluptatem dolorum.',	'Nulla et error aut et. Possimus et culpa necessitatibus rerum deserunt autem unde doloribus. Sed iste ipsa doloribus error. Dolorum exercitationem quidem corrupti. Eos et rem maiores id vel. Consequatur qui quo assumenda. Culpa optio fugiat consectetur ratione fugit. Et ipsam sunt pariatur vel animi. Exercitationem veritatis omnis provident nihil similique. Voluptatem est quibusdam ut sequi eum repellendus deleniti.',	333.00,	NULL,	'DIGI272',	'instock',	0,	170,	'digital_3.jpg',	NULL,	1,	'2023-01-01 17:16:26',	'2023-01-01 17:16:26'),
(36,	'asperiores ipsam',	'asperiores-ipsam',	'Ratione quasi culpa nesciunt sint harum aut. Ea perferendis voluptates quaerat et quos. Alias atque pariatur voluptatibus dolorem qui est vel.',	'Repudiandae eaque porro magni esse voluptas autem. Culpa minus nihil aut quas vel exercitationem nihil explicabo. Aperiam quod ex unde similique. Ut dolore tenetur ea eius optio. Quod ratione reiciendis est nihil. Deleniti qui quo aut et et blanditiis. Voluptate accusamus consequatur architecto maxime doloribus numquam voluptatem. Ea aut voluptas sed sit voluptatem sed ullam. Quisquam quia delectus magnam aut.',	419.00,	NULL,	'DIGI330',	'instock',	0,	126,	'digital_1.jpg',	NULL,	5,	'2023-01-01 17:16:26',	'2023-01-01 17:16:26'),
(37,	'quas perferendis',	'quas-perferendis',	'Et et velit architecto excepturi. Similique eos non repellendus ut id.',	'Eveniet delectus et ab consequatur quas consequuntur. At dolorum tempore reiciendis eos repellendus sunt debitis. Voluptas omnis quia eum perferendis sed tempore cum unde. Eveniet et asperiores aspernatur. Temporibus ducimus adipisci incidunt quam labore voluptate. Sint id sunt voluptatem aut repudiandae nulla.',	218.00,	NULL,	'DIGI458',	'instock',	0,	132,	'digital_20.jpg',	NULL,	3,	'2023-01-01 17:16:26',	'2023-01-01 17:16:26'),
(38,	'fugit ad',	'fugit-ad',	'Assumenda harum atque voluptates harum. Illo voluptate consequatur aliquam sunt explicabo aut. Blanditiis cumque laudantium iusto quas. Nulla rerum blanditiis at ab quaerat.',	'Et itaque quo rerum voluptatem provident excepturi et et. Est aliquid exercitationem ut voluptatum eveniet. Necessitatibus animi tempora qui vel iusto. Veritatis qui qui aliquid dolores. Qui quidem voluptates consectetur modi ad. Quasi ut corporis inventore praesentium vel incidunt labore et. Aspernatur hic tenetur nihil corporis qui natus. Omnis qui id aspernatur a. Dicta rerum voluptate non et. Voluptas molestias pariatur minus rerum sed pariatur.',	282.00,	NULL,	'DIGI134',	'instock',	0,	195,	'digital_8.jpg',	NULL,	5,	'2023-01-01 17:16:26',	'2023-01-01 17:16:26'),
(39,	'odit qui',	'odit-qui',	'Et maxime et quae possimus dolore possimus ut fugit. Sint voluptatem sunt autem accusantium. Quia veritatis est qui. Amet ducimus fugit minus voluptatem sapiente adipisci.',	'Itaque qui sed sit. Perspiciatis qui similique error et. Voluptas commodi veniam voluptas praesentium aut. Vel rerum aspernatur veritatis. Assumenda voluptatem ut minus consequuntur quidem. Aut est cupiditate ut et. Quod ducimus minus sit excepturi aliquam suscipit. Ipsum sint illo ab et illo libero incidunt. Dolorem suscipit et perferendis ut eos tempora. Et minima dolorem dolor veritatis accusamus. Aliquam accusamus id recusandae ipsum rerum ducimus. Vero eum fugiat sit quo quas occaecati.',	157.00,	NULL,	'DIGI403',	'instock',	0,	101,	'digital_11.jpg',	NULL,	4,	'2023-01-01 17:16:26',	'2023-01-01 17:16:26'),
(40,	'atque quasi',	'atque-quasi',	'Ducimus voluptas temporibus enim quo doloribus. Et consectetur quis ut quae nihil fugit ab. Tenetur recusandae animi alias rem nostrum. Et laudantium consequatur ab quis a vero amet.',	'Vero fuga voluptates deserunt voluptatem. Ipsum eum maxime corrupti nisi quia et. Qui et iste porro. Vitae hic est laudantium facere. Beatae asperiores repellat voluptatem sint officia voluptate dolorum. Veniam laboriosam in dignissimos sint laudantium et. Ut unde aliquid perspiciatis harum qui vero. Ut et velit non tenetur ut. Minus molestiae voluptas autem amet odio est consequatur. Impedit cum aliquam rerum nulla vitae quo.',	363.00,	NULL,	'DIGI402',	'instock',	0,	158,	'digital_13.jpg',	NULL,	2,	'2023-01-01 17:16:26',	'2023-01-01 17:16:26'),
(41,	'facilis aliquam',	'facilis-aliquam',	'Id molestiae aspernatur animi assumenda at. Cumque totam quia incidunt ab quibusdam pariatur quis. Et dolorum dolorem et ullam vel sit.',	'Nostrum rerum vel sit quia laudantium est officiis qui. Sapiente et et ex totam iure id quas. Odit ex placeat quisquam non reprehenderit ad ut. Quasi quaerat ea sit vitae cupiditate. Eos officia ut ut ut. Voluptas omnis accusamus repudiandae qui. Animi officia provident reiciendis maiores ex. Beatae praesentium quo eveniet earum perspiciatis quisquam dolor. Animi qui accusantium incidunt ut. Ducimus ipsum dolores expedita non non. Quibusdam dolorem voluptas sapiente itaque.',	15.00,	NULL,	'DIGI142',	'instock',	0,	117,	'digital_18.jpg',	NULL,	4,	'2023-01-01 17:16:26',	'2023-01-01 17:16:26'),
(42,	'nihil suscipit',	'nihil-suscipit',	'Earum eum autem illum sapiente non. Sit non numquam veniam sit vel. Minima labore quos magnam rerum unde iste alias inventore.',	'Dolores explicabo eveniet veritatis. Architecto placeat nostrum consequatur quis. Et similique maxime veritatis rerum illo. Eligendi eaque qui et vel nesciunt et facilis. Occaecati id quia quis est cumque voluptatem. Aut id accusantium molestiae nostrum dignissimos explicabo eligendi. Earum cupiditate voluptatem ut voluptatem. Porro quae fuga voluptate dignissimos nobis.',	415.00,	NULL,	'DIGI453',	'instock',	0,	143,	'digital_15.jpg',	NULL,	5,	'2023-01-01 17:16:26',	'2023-01-01 17:16:26'),
(43,	'voluptatem quasi',	'voluptatem-quasi',	'Explicabo omnis et distinctio voluptate veritatis. Ea quibusdam et sed temporibus reiciendis. Magnam cumque et cumque quos veritatis quo debitis.',	'Fuga aut maiores aut facilis. Mollitia quam atque et et amet. Nesciunt molestiae minus nisi aut. Odio minus aspernatur blanditiis impedit rem sunt. Saepe facere quis totam nisi ea eos. Et doloremque rem in cumque. Quia iste omnis vero aut provident quaerat et. Nostrum numquam vero amet et. Sit nesciunt nihil sint reiciendis illo est dicta. Modi aperiam dolorem dolor molestiae. Et dolorem voluptas est.',	130.00,	NULL,	'DIGI388',	'instock',	0,	124,	'digital_14.jpg',	NULL,	1,	'2023-01-01 17:16:26',	'2023-01-01 17:16:26'),
(44,	'minus quia',	'minus-quia',	'Et porro nihil dolore et. Voluptas hic reiciendis qui est et consequatur. Molestiae a rerum aperiam et dolore laudantium debitis. Soluta consequatur est sunt provident libero est.',	'Totam occaecati ut adipisci assumenda vel et mollitia rem. Corrupti a saepe repellendus eum. Deleniti natus ut quis. Sint quibusdam vel et temporibus. Recusandae ad enim exercitationem velit magni pariatur. Et tempore iste assumenda omnis nobis similique. Vel nihil ipsum labore tempore. Soluta et sint et ut. Iusto et perspiciatis qui tenetur consectetur. Deserunt modi eos possimus facilis. Veritatis sed hic enim quia magnam dolore minus illo. Facere nihil error ea et quos eos minima.',	424.00,	NULL,	'DIGI213',	'instock',	0,	197,	'digital_10.jpg',	NULL,	4,	'2023-01-01 17:16:26',	'2023-01-01 17:16:26'),
(45,	'optio sequi',	'optio-sequi',	'Facere amet tempore aut qui fugit possimus atque. Nisi a natus rerum ratione. Labore voluptatum perferendis sed ea consequuntur et eaque. Eos voluptas omnis quia molestias nulla dolorem.',	'Quibusdam doloribus alias ut facilis pariatur sequi dolor pariatur. Quas repellendus quidem dicta et blanditiis molestiae cum sed. Fugit dolores ipsum sed dolor exercitationem. Id numquam tempore autem et enim. Accusamus doloremque fugit saepe quis repudiandae consequatur omnis. Deserunt aspernatur laudantium voluptatibus sit occaecati velit.',	233.00,	NULL,	'DIGI343',	'instock',	0,	193,	'digital_13.jpg',	NULL,	4,	'2023-01-08 07:21:22',	'2023-01-08 07:21:22'),
(46,	'enim cupiditate',	'enim-cupiditate',	'Voluptatem omnis et iusto consequatur delectus ullam. Maiores minus dolor id quas autem. Hic et fugiat praesentium reiciendis.',	'Omnis nostrum temporibus debitis dolores earum ratione. Ut ipsam maxime hic aperiam. Sunt eveniet numquam unde. Omnis quos consequatur quo enim. Et consequatur illo ex sunt dolorem sit. Explicabo sint minima est itaque eveniet sequi. Ducimus repellat quaerat et et est vitae dolor. Eaque eveniet voluptatem nulla consequatur.',	181.00,	NULL,	'DIGI101',	'instock',	0,	115,	'digital_21.jpg',	NULL,	5,	'2023-01-08 07:21:22',	'2023-01-08 07:21:22'),
(47,	'reprehenderit quo',	'reprehenderit-quo',	'Laudantium et non ea ratione. Enim est qui deleniti nostrum voluptate. Dolores molestias enim et consectetur natus. Corrupti laborum mollitia magni aut error beatae odio odit.',	'Omnis cupiditate cum minus natus autem aut explicabo. Nam sed maiores aut qui eum ducimus et. Sunt suscipit vel animi exercitationem enim assumenda. Facilis aut occaecati unde veniam odio. Nihil placeat ipsam corporis deleniti. Dolore eius laborum maxime ea. Velit odio et suscipit architecto cum. Atque doloribus at sint.',	211.00,	NULL,	'DIGI460',	'instock',	0,	190,	'digital_17.jpg',	NULL,	1,	'2023-01-08 07:21:22',	'2023-01-08 07:21:22'),
(48,	'nesciunt aperiam',	'nesciunt-aperiam',	'Dicta possimus officiis a. Rem praesentium error tempora. Dolores assumenda voluptatem reprehenderit porro molestiae.',	'Ut tenetur aliquid sint voluptatem delectus in ex. Similique nostrum doloremque sit delectus nulla eos veniam quasi. Ad nam saepe iure eos aliquid. Dolorem perspiciatis rerum dignissimos qui. Accusamus quidem architecto rerum ab. Dolorum error magni neque itaque ab quasi omnis. Eligendi sint aut ea molestias. Aut veritatis qui dolorem enim rem alias eveniet voluptatem. Laborum dolor ab non et sit non quam. Officia laboriosam tenetur sit est ipsa.',	305.00,	NULL,	'DIGI247',	'instock',	0,	199,	'digital_14.jpg',	NULL,	3,	'2023-01-08 07:21:22',	'2023-01-08 07:21:22'),
(49,	'aut non',	'aut-non',	'Animi nemo quia ab. Iusto placeat excepturi omnis debitis ratione. Recusandae saepe vel facere quod. Et temporibus blanditiis quisquam laudantium ullam rerum.',	'Possimus qui quia molestias id provident. Pariatur velit qui deleniti accusantium eveniet. Nostrum exercitationem nostrum impedit ea. Quis voluptate architecto libero sunt rerum tenetur. Corrupti sint nemo numquam esse est illum. Ut repudiandae nesciunt voluptas laboriosam adipisci ut. Illo dolores autem fuga nesciunt nulla similique iure. Commodi ab perferendis fugiat et ducimus. Numquam ut optio temporibus eum sed. Voluptas rerum ea exercitationem culpa.',	124.00,	NULL,	'DIGI472',	'instock',	0,	151,	'digital_8.jpg',	NULL,	5,	'2023-01-08 07:21:22',	'2023-01-08 07:21:22'),
(50,	'corporis iure',	'corporis-iure',	'Voluptatem quo consequatur aut cumque qui quod iure deleniti. Dolorum aut rerum qui voluptatem. Et cum quia dolorem corrupti error magni.',	'Vel modi mollitia voluptatem pariatur sed perspiciatis exercitationem. Eaque eos esse quae quis doloremque nam voluptatem. Voluptas eos cum sequi minima. Dolorem autem accusamus ipsa consectetur eos eveniet nihil. Est et hic ratione iusto. Nemo sunt rerum deleniti enim aut ad qui. Laborum qui voluptatem impedit iusto corrupti suscipit saepe. Alias perferendis et labore tempora. Nobis temporibus voluptatem in est ipsum rem iste tempora.',	149.00,	NULL,	'DIGI264',	'instock',	0,	178,	'digital_2.jpg',	NULL,	4,	'2023-01-08 07:21:22',	'2023-01-08 07:21:22'),
(51,	'dicta placeat',	'dicta-placeat',	'Sunt sed molestiae eaque dolorum unde tempora delectus. Earum mollitia voluptate repellendus iusto labore harum aut quia. Doloremque aut enim tempore non aut perspiciatis.',	'Occaecati et soluta eos voluptatem dolores iure iusto. Consequuntur iure vero voluptas quo. Aliquam beatae rem quia maxime. Nihil dolore dolor veniam tempora ullam eius consequuntur. Ea voluptas rerum delectus delectus non magni. Ut sunt ut aliquam et aut. Saepe itaque fugiat non in deserunt. Fugit omnis dignissimos et blanditiis dolore. Officia esse repellat non labore enim ea. Exercitationem ipsa dolor ipsa magnam. Voluptatibus asperiores ratione est labore error at.',	400.00,	NULL,	'DIGI437',	'instock',	0,	167,	'digital_11.jpg',	NULL,	5,	'2023-01-08 07:21:22',	'2023-01-08 07:21:22'),
(52,	'sed non',	'sed-non',	'Repudiandae id ab ut sed. Ab ipsum velit asperiores sed. Aut corrupti adipisci sed possimus omnis. Asperiores sed in error autem.',	'Saepe natus in magnam nulla. Officia voluptatum esse autem qui neque perspiciatis. Et qui est sunt occaecati deserunt quod voluptatem. Voluptatem ducimus eligendi vel ducimus velit est ipsum. Aut illum blanditiis omnis temporibus explicabo sunt provident. Veritatis reprehenderit et eaque adipisci. Et autem dolor et tenetur sed sunt voluptas. Praesentium tempora illo nam et fuga dolorum qui.',	237.00,	NULL,	'DIGI303',	'instock',	0,	190,	'digital_12.jpg',	NULL,	5,	'2023-01-08 07:21:22',	'2023-01-08 07:21:22'),
(53,	'enim vero',	'enim-vero',	'Ex velit qui est reiciendis impedit dolores dignissimos. Dolore quisquam similique dolorem. Voluptatem quis officiis sapiente incidunt et animi. Odio error sed magni ut eligendi doloremque accusamus.',	'Odit aut autem expedita saepe. Magnam laborum qui odio reiciendis quasi. Nihil dolores natus vero facere et qui. Facilis aspernatur velit fuga deserunt. Eius eum dolorem ut eos perspiciatis ut. Nihil cumque ea nihil odio. Consectetur dolore architecto ea maxime. Dolorum sequi molestiae quia sapiente facilis. Dolores ut dolorem id dolores magnam. Ut qui qui sit eos. Doloribus praesentium autem omnis.',	49.00,	NULL,	'DIGI498',	'instock',	0,	102,	'digital_4.jpg',	NULL,	2,	'2023-01-08 07:21:22',	'2023-01-08 07:21:22'),
(54,	'qui perferendis',	'qui-perferendis',	'Sed praesentium debitis amet eos quo aut. Autem fugiat velit modi numquam ad qui. Nobis ratione a porro dolorem recusandae odit voluptas.',	'Autem accusamus at voluptatibus aut cupiditate necessitatibus. Vitae cum ut provident asperiores quisquam. Perferendis ut aut maiores et quis. Et laborum possimus iste amet eveniet et et. Fugiat ut qui autem sapiente id. Deserunt alias numquam aliquam possimus molestiae. Distinctio doloremque pariatur et dolorem. Distinctio veritatis nam omnis. Ipsam et et nisi dolor inventore ut facilis non. Quia maxime quisquam reprehenderit nam sit fuga esse.',	76.00,	NULL,	'DIGI451',	'instock',	0,	180,	'digital_1.jpg',	NULL,	4,	'2023-01-08 07:21:22',	'2023-01-08 07:21:22'),
(55,	'perspiciatis consequatur',	'perspiciatis-consequatur',	'Saepe aliquid voluptate itaque aut corrupti deserunt aperiam nemo. Ut nesciunt animi rerum vel. Quod tempora eveniet repudiandae. Sint maiores voluptatum molestiae sed recusandae.',	'Aut vel sunt laborum similique. Sit deserunt ipsum rem assumenda ipsam. Nulla laudantium repudiandae culpa. Reprehenderit a accusantium saepe sequi velit quis. Sed ex corporis rerum. Dolorum aspernatur et deserunt omnis. Ea aut rerum velit sit natus enim. Exercitationem ut voluptatem eum. Amet minima aut natus. In quibusdam ea consequatur velit. Deleniti eaque ad in enim illum illo maxime. Odit quos vero sequi.',	92.00,	NULL,	'DIGI297',	'instock',	0,	108,	'digital_15.jpg',	NULL,	1,	'2023-01-08 07:21:22',	'2023-01-08 07:21:22'),
(56,	'incidunt excepturi',	'incidunt-excepturi',	'Ipsa dolorum minima animi. Sunt quisquam nam placeat rerum. Ea ad aspernatur et nulla quis in ea. Autem mollitia voluptate error est dolorem dolore. Corrupti dolorum adipisci asperiores aut.',	'Odit in veniam aut id consequatur qui. Qui provident laborum voluptatem omnis et consequatur aut ad. Corporis modi quisquam repellendus aperiam eligendi laborum voluptas. Architecto culpa occaecati quo error adipisci qui aut. Corporis sed omnis et vel exercitationem. Odio id magnam ex ut sint quasi nihil. Veniam dolor et eius rerum et. Aut ut est amet sapiente. Laborum totam fugit eligendi recusandae.',	396.00,	NULL,	'DIGI260',	'instock',	0,	175,	'digital_16.jpg',	NULL,	2,	'2023-01-08 07:21:22',	'2023-01-08 07:21:22'),
(57,	'non aliquid',	'non-aliquid',	'Rerum culpa quo corporis sed consequatur ex ut. Et velit temporibus nam perspiciatis numquam. Est autem expedita eum iusto. Expedita qui sunt vero adipisci architecto aut.',	'Omnis dignissimos distinctio libero autem et ducimus. Voluptas optio deserunt et laboriosam sit. Harum enim et dolorem reiciendis sint consequuntur minus. Doloremque ut nulla sed. Maiores veritatis quis nemo enim laudantium reiciendis. Labore culpa doloremque nisi modi recusandae. Sit distinctio molestiae reiciendis in perspiciatis temporibus nihil. Est officiis perspiciatis voluptatum quia et dolorum.',	65.00,	NULL,	'DIGI205',	'instock',	0,	196,	'digital_9.jpg',	NULL,	2,	'2023-01-08 07:21:22',	'2023-01-08 07:21:22'),
(58,	'ad iste',	'ad-iste',	'Accusantium molestiae dolorum similique quam ut. Non ipsa delectus voluptatum velit qui error.',	'Praesentium sunt doloribus recusandae. Et fuga et ratione tenetur. Voluptas fuga officia et iste aperiam nulla quod. Quia omnis quia ea iure et id. Soluta ipsum repudiandae asperiores ipsum commodi. Et quae libero quae voluptatem soluta vero. Similique maxime autem quasi veritatis. Sit ipsa enim voluptatem. Molestiae accusamus non qui laboriosam.',	446.00,	NULL,	'DIGI116',	'instock',	0,	125,	'digital_6.jpg',	NULL,	1,	'2023-01-08 07:21:22',	'2023-01-08 07:21:22'),
(59,	'aut odio',	'aut-odio',	'Natus sint doloremque beatae ipsa eaque et qui. Neque eos voluptate et. Aut tenetur nobis et aut deserunt voluptates in. Et voluptatem inventore incidunt explicabo quis voluptatum.',	'Exercitationem optio iusto nobis officiis doloremque doloremque ut. Mollitia vel sunt explicabo cupiditate dolor omnis eveniet. Aut rem debitis itaque iusto voluptatem aliquid quia. Asperiores et magni aut consequatur dolor omnis. Aut voluptatem quis rem ad iure nihil voluptatem. Iste quaerat nemo reiciendis libero eius adipisci rem sit. Quia iure officia dignissimos repellat a quas. Quidem hic omnis suscipit esse sapiente. Adipisci unde sit consequatur. Nihil quis a aliquam nostrum aut.',	49.00,	NULL,	'DIGI199',	'instock',	0,	110,	'digital_10.jpg',	NULL,	4,	'2023-01-08 07:21:22',	'2023-01-08 07:21:22'),
(60,	'quibusdam voluptas',	'quibusdam-voluptas',	'Optio tempore tempora quis maiores. Suscipit ipsa odit est. Ipsam iste velit fuga magnam corporis impedit.',	'Eos ut omnis corrupti eos similique repudiandae dolores. Saepe exercitationem incidunt nisi quis. Et dolores tempore excepturi reprehenderit modi itaque. Qui nihil omnis ut assumenda. Vel labore aut quisquam qui consequatur laborum rerum rerum. Quis ullam deserunt ipsam amet cupiditate et aliquid. Expedita in occaecati in voluptas minus omnis. Qui quo et at in vel beatae culpa tempore. Autem consequatur sunt voluptatem amet ut fuga hic est.',	324.00,	NULL,	'DIGI496',	'instock',	0,	107,	'digital_18.jpg',	NULL,	5,	'2023-01-08 07:21:22',	'2023-01-08 07:21:22'),
(61,	'aut quia',	'aut-quia',	'Ut voluptas aut atque voluptatibus distinctio impedit aut. Tempora sint necessitatibus consequatur sed fuga distinctio ut. Repellendus perferendis asperiores laborum fugiat.',	'Perferendis necessitatibus dolore est. Est quasi voluptatem veritatis et ad quod et aperiam. Ea repellat ut incidunt animi. Dignissimos voluptatibus aut quasi dolor vel omnis vero at. Ex asperiores quos odio aspernatur eum doloribus. Repellat totam repellendus quia ad. Soluta perferendis perspiciatis exercitationem sed tenetur. Dolor consequatur et est quia. Accusantium dignissimos explicabo perferendis accusantium aut omnis officia. Rerum natus ipsam expedita cum.',	71.00,	NULL,	'DIGI254',	'instock',	0,	129,	'digital_20.jpg',	NULL,	2,	'2023-01-08 07:21:22',	'2023-01-08 07:21:22'),
(62,	'dolore sed',	'dolore-sed',	'Ut sequi maiores odio nihil. Voluptatem voluptas dolorum vel odit. Minima molestias velit consequatur tenetur ut quod.',	'Tempore exercitationem soluta fuga. Quos ab quo iure voluptatibus ut. Sit aut quo natus. Tenetur quae ipsa culpa. Laboriosam veritatis beatae rerum quia fugit. Earum asperiores culpa commodi qui. Est est quod accusamus. Quidem enim rerum debitis cumque dolor itaque laborum. Praesentium voluptas incidunt occaecati perferendis. Assumenda qui nihil labore ut in. Cupiditate vel et minima dicta. Odit nulla quibusdam molestias minus. Qui quaerat impedit vitae sed vitae suscipit.',	92.00,	NULL,	'DIGI426',	'instock',	0,	165,	'digital_5.jpg',	NULL,	1,	'2023-01-08 07:21:22',	'2023-01-08 07:21:22'),
(63,	'dolor sint',	'dolor-sint',	'Et debitis veritatis voluptas iste. Voluptas officia et consectetur id iste reprehenderit.',	'Voluptatem qui ad incidunt tempora nam corrupti. Maiores modi vel reiciendis. A beatae non ullam suscipit. Minus eligendi placeat est explicabo qui et minima. Rerum error ut iure ut quia iure nam qui. Et aliquid non molestias autem rerum et optio. Blanditiis tempora sunt atque asperiores quae vel libero. Est suscipit et distinctio quia cupiditate minima sit.',	300.00,	NULL,	'DIGI202',	'instock',	0,	120,	'digital_3.jpg',	NULL,	2,	'2023-01-08 07:21:22',	'2023-01-08 07:21:22'),
(64,	'ducimus sed',	'ducimus-sed',	'Dolore eius enim perferendis aut aliquam. Ipsum sed pariatur cum quas. Est qui voluptate expedita necessitatibus sed nam. Dolores minus ab quod molestias. Delectus voluptas enim facilis est.',	'Sit et maiores nobis ullam dignissimos voluptatibus. Laborum enim maiores facere aliquam id consequatur. Ut amet cumque voluptate voluptas unde. Quisquam consequuntur eum libero ipsa totam vel voluptatem. Consectetur quia quis nihil ipsa totam rerum corporis dolorum. Eos eos aspernatur consectetur quis et. Necessitatibus dolorem cumque saepe qui hic veritatis. Eos aut libero neque sint rerum minus accusantium. Expedita accusamus in veritatis pariatur. Ut distinctio hic tempora.',	233.00,	NULL,	'DIGI164',	'instock',	0,	152,	'digital_19.jpg',	NULL,	4,	'2023-01-08 07:21:22',	'2023-01-08 07:21:22'),
(65,	'mollitia aperiam',	'mollitia-aperiam',	'Rerum non iste explicabo consequatur. Aut aliquam sit enim veritatis id iste natus. Explicabo architecto consequuntur vel beatae nisi nostrum est.',	'Odio ut cumque et voluptas cupiditate. Doloribus facere sit similique ab. Voluptatum laborum nam sunt quae nostrum id laudantium hic. Voluptatem error quas distinctio excepturi et. Omnis quia eius fugiat et et harum. Aliquam distinctio ipsa praesentium id omnis. Et ut nihil qui magnam omnis aliquid. Ducimus corporis tempore pariatur. Necessitatibus rerum dolor nulla tenetur in aperiam. Ab fugit quidem eveniet voluptatem maxime. Temporibus asperiores ea pariatur esse nam assumenda.',	244.00,	NULL,	'DIGI444',	'instock',	0,	149,	'digital_7.jpg',	NULL,	5,	'2023-01-08 07:21:22',	'2023-01-08 07:21:22'),
(66,	'adipisci laboriosam',	'adipisci-laboriosam',	'Minus ut veniam inventore in et. Provident voluptates facilis sit fugiat voluptatem consequuntur voluptatibus. Consequatur voluptatem quia illo tempore ducimus.',	'Sed ipsam dolor doloremque atque quis. Molestias eos ad sit aut. Error soluta ratione commodi fuga nihil enim veniam. Quae reprehenderit vitae et veritatis quibusdam id. Ipsa eos aut nihil perspiciatis sapiente voluptatibus praesentium. Quaerat voluptatum nemo consequatur explicabo autem. Culpa earum maiores veniam veritatis aut iste eos quo. Architecto dolor placeat consequatur voluptates qui sit temporibus.',	416.00,	NULL,	'DIGI182',	'instock',	0,	108,	'digital_22.jpg',	NULL,	5,	'2023-01-08 07:21:22',	'2023-01-08 07:21:22');

DROP TABLE IF EXISTS `sessions`;
CREATE TABLE `sessions` (
  `id` varchar(255) CHARACTER SET utf8mb4 COLLATE utf8mb4_unicode_ci NOT NULL,
  `user_id` bigint unsigned DEFAULT NULL,
  `ip_address` varchar(45) CHARACTER SET utf8mb4 COLLATE utf8mb4_unicode_ci DEFAULT NULL,
  `user_agent` text CHARACTER SET utf8mb4 COLLATE utf8mb4_unicode_ci,
  `payload` longtext CHARACTER SET utf8mb4 COLLATE utf8mb4_unicode_ci NOT NULL,
  `last_activity` int NOT NULL,
  PRIMARY KEY (`id`),
  KEY `sessions_user_id_index` (`user_id`),
  KEY `sessions_last_activity_index` (`last_activity`)
) ENGINE=InnoDB DEFAULT CHARSET=utf8mb4 COLLATE=utf8mb4_unicode_ci;

INSERT INTO `sessions` (`id`, `user_id`, `ip_address`, `user_agent`, `payload`, `last_activity`) VALUES
('1GTdwEjAMW8hi5yAvwQOjJznmJIwaWDTTYUrENum',	NULL,	'127.0.0.1',	'Mozilla/5.0 (Windows NT 10.0; Win64; x64) AppleWebKit/537.36 (KHTML, like Gecko) Chrome/109.0.0.0 Safari/537.36',	'YTo0OntzOjQ6ImNhcnQiO2E6MTp7czo3OiJkZWZhdWx0IjtPOjI5OiJJbGx1bWluYXRlXFN1cHBvcnRcQ29sbGVjdGlvbiI6Mjp7czo4OiIAKgBpdGVtcyI7YToxOntzOjMyOiIwMjdjOTEzNDFmZDVjZjRkMjU3OWI0OWM0YjZhOTBkYSI7TzozMjoiR2xvdWRlbWFuc1xTaG9wcGluZ2NhcnRcQ2FydEl0ZW0iOjk6e3M6NToicm93SWQiO3M6MzI6IjAyN2M5MTM0MWZkNWNmNGQyNTc5YjQ5YzRiNmE5MGRhIjtzOjI6ImlkIjtpOjE7czozOiJxdHkiO2k6MTtzOjQ6Im5hbWUiO3M6MTA6IkhwIEFuZHJvaWQiO3M6NToicHJpY2UiO2Q6MTUwO3M6Nzoib3B0aW9ucyI7TzozOToiR2xvdWRlbWFuc1xTaG9wcGluZ2NhcnRcQ2FydEl0ZW1PcHRpb25zIjoyOntzOjg6IgAqAGl0ZW1zIjthOjA6e31zOjI4OiIAKgBlc2NhcGVXaGVuQ2FzdGluZ1RvU3RyaW5nIjtiOjA7fXM6NDk6IgBHbG91ZGVtYW5zXFNob3BwaW5nY2FydFxDYXJ0SXRlbQBhc3NvY2lhdGVkTW9kZWwiO3M6MTg6IkFwcFxNb2RlbHNcUHJvZHVjdCI7czo0MToiAEdsb3VkZW1hbnNcU2hvcHBpbmdjYXJ0XENhcnRJdGVtAHRheFJhdGUiO2k6MjE7czo0MToiAEdsb3VkZW1hbnNcU2hvcHBpbmdjYXJ0XENhcnRJdGVtAGlzU2F2ZWQiO2I6MDt9fXM6Mjg6IgAqAGVzY2FwZVdoZW5DYXN0aW5nVG9TdHJpbmciO2I6MDt9fXM6NjoiX2ZsYXNoIjthOjI6e3M6Mzoib2xkIjthOjA6e31zOjM6Im5ldyI7YTowOnt9fXM6NjoiX3Rva2VuIjtzOjQwOiJtRTdPMEszTExoNjJSckJkWXE1TlI3YnIwRkJhc09yZUhOaTRacXhiIjtzOjk6Il9wcmV2aW91cyI7YToxOntzOjM6InVybCI7czo0MjoiaHR0cDovLzEyNy4wLjAuMTo4MDAwL3Byb2R1Y3QvQW5kcm9pZCUyME9TIjt9fQ==',	1673701203);

DROP TABLE IF EXISTS `shoppingcart`;
CREATE TABLE `shoppingcart` (
  `identifier` varchar(255) CHARACTER SET utf8mb4 COLLATE utf8mb4_unicode_ci NOT NULL,
  `instance` varchar(255) CHARACTER SET utf8mb4 COLLATE utf8mb4_unicode_ci NOT NULL,
  `content` text CHARACTER SET utf8mb4 COLLATE utf8mb4_unicode_ci NOT NULL,
  `created_at` timestamp NULL DEFAULT NULL,
  `updated_at` timestamp NULL DEFAULT NULL,
  PRIMARY KEY (`identifier`,`instance`)
) ENGINE=InnoDB DEFAULT CHARSET=utf8mb4 COLLATE=utf8mb4_unicode_ci;

INSERT INTO `shoppingcart` (`identifier`, `instance`, `content`, `created_at`, `updated_at`) VALUES
('anggris@gmail.com',	'cart',	'O:29:\"Illuminate\\Support\\Collection\":2:{s:8:\"\0*\0items\";a:0:{}s:28:\"\0*\0escapeWhenCastingToString\";b:0;}',	'2023-01-14 05:35:38',	NULL),
('anggris@gmail.com',	'default',	'O:29:\"Illuminate\\Support\\Collection\":2:{s:8:\"\0*\0items\";a:1:{s:32:\"027c91341fd5cf4d2579b49c4b6a90da\";O:32:\"Gloudemans\\Shoppingcart\\CartItem\":9:{s:5:\"rowId\";s:32:\"027c91341fd5cf4d2579b49c4b6a90da\";s:2:\"id\";i:1;s:3:\"qty\";i:3;s:4:\"name\";s:10:\"Hp Android\";s:5:\"price\";d:150;s:7:\"options\";O:39:\"Gloudemans\\Shoppingcart\\CartItemOptions\":2:{s:8:\"\0*\0items\";a:0:{}s:28:\"\0*\0escapeWhenCastingToString\";b:0;}s:49:\"\0Gloudemans\\Shoppingcart\\CartItem\0associatedModel\";s:18:\"App\\Models\\Product\";s:41:\"\0Gloudemans\\Shoppingcart\\CartItem\0taxRate\";i:21;s:41:\"\0Gloudemans\\Shoppingcart\\CartItem\0isSaved\";b:0;}}s:28:\"\0*\0escapeWhenCastingToString\";b:0;}',	'2023-01-14 05:35:35',	NULL),
('coba1@gmail.com',	'default',	'O:29:\"Illuminate\\Support\\Collection\":2:{s:8:\"\0*\0items\";a:3:{s:32:\"027c91341fd5cf4d2579b49c4b6a90da\";O:32:\"Gloudemans\\Shoppingcart\\CartItem\":9:{s:5:\"rowId\";s:32:\"027c91341fd5cf4d2579b49c4b6a90da\";s:2:\"id\";i:1;s:3:\"qty\";i:1;s:4:\"name\";s:10:\"Hp Android\";s:5:\"price\";d:150;s:7:\"options\";O:39:\"Gloudemans\\Shoppingcart\\CartItemOptions\":2:{s:8:\"\0*\0items\";a:0:{}s:28:\"\0*\0escapeWhenCastingToString\";b:0;}s:49:\"\0Gloudemans\\Shoppingcart\\CartItem\0associatedModel\";s:18:\"App\\Models\\Product\";s:41:\"\0Gloudemans\\Shoppingcart\\CartItem\0taxRate\";i:21;s:41:\"\0Gloudemans\\Shoppingcart\\CartItem\0isSaved\";b:0;}s:32:\"efb26e2c6ab6bd4d1323288923522d4e\";O:32:\"Gloudemans\\Shoppingcart\\CartItem\":9:{s:5:\"rowId\";s:32:\"efb26e2c6ab6bd4d1323288923522d4e\";s:2:\"id\";i:4;s:3:\"qty\";i:1;s:4:\"name\";s:8:\"ad culpa\";s:5:\"price\";d:361;s:7:\"options\";O:39:\"Gloudemans\\Shoppingcart\\CartItemOptions\":2:{s:8:\"\0*\0items\";a:0:{}s:28:\"\0*\0escapeWhenCastingToString\";b:0;}s:49:\"\0Gloudemans\\Shoppingcart\\CartItem\0associatedModel\";s:18:\"App\\Models\\Product\";s:41:\"\0Gloudemans\\Shoppingcart\\CartItem\0taxRate\";i:21;s:41:\"\0Gloudemans\\Shoppingcart\\CartItem\0isSaved\";b:0;}s:32:\"18d6934483b994fb9943b43b7d7646bf\";O:32:\"Gloudemans\\Shoppingcart\\CartItem\":9:{s:5:\"rowId\";s:32:\"18d6934483b994fb9943b43b7d7646bf\";s:2:\"id\";i:8;s:3:\"qty\";i:1;s:4:\"name\";s:10:\"et dolorum\";s:5:\"price\";d:154;s:7:\"options\";O:39:\"Gloudemans\\Shoppingcart\\CartItemOptions\":2:{s:8:\"\0*\0items\";a:0:{}s:28:\"\0*\0escapeWhenCastingToString\";b:0;}s:49:\"\0Gloudemans\\Shoppingcart\\CartItem\0associatedModel\";s:18:\"App\\Models\\Product\";s:41:\"\0Gloudemans\\Shoppingcart\\CartItem\0taxRate\";i:21;s:41:\"\0Gloudemans\\Shoppingcart\\CartItem\0isSaved\";b:0;}}s:28:\"\0*\0escapeWhenCastingToString\";b:0;}',	'2023-01-12 12:36:56',	NULL),
('ferdinandanggris@gmail.com',	'cart',	'O:29:\"Illuminate\\Support\\Collection\":2:{s:8:\"\0*\0items\";a:0:{}s:28:\"\0*\0escapeWhenCastingToString\";b:0;}',	'2023-01-10 06:56:14',	NULL),
('testing@gmail.com',	'default',	'O:29:\"Illuminate\\Support\\Collection\":2:{s:8:\"\0*\0items\";a:2:{s:32:\"370d08585360f5c568b18d1f2e4ca1df\";O:32:\"Gloudemans\\Shoppingcart\\CartItem\":9:{s:5:\"rowId\";s:32:\"370d08585360f5c568b18d1f2e4ca1df\";s:2:\"id\";i:2;s:3:\"qty\";i:1;s:4:\"name\";s:7:\"sed qui\";s:5:\"price\";d:139;s:7:\"options\";O:39:\"Gloudemans\\Shoppingcart\\CartItemOptions\":2:{s:8:\"\0*\0items\";a:0:{}s:28:\"\0*\0escapeWhenCastingToString\";b:0;}s:49:\"\0Gloudemans\\Shoppingcart\\CartItem\0associatedModel\";s:18:\"App\\Models\\Product\";s:41:\"\0Gloudemans\\Shoppingcart\\CartItem\0taxRate\";i:21;s:41:\"\0Gloudemans\\Shoppingcart\\CartItem\0isSaved\";b:0;}s:32:\"027c91341fd5cf4d2579b49c4b6a90da\";O:32:\"Gloudemans\\Shoppingcart\\CartItem\":9:{s:5:\"rowId\";s:32:\"027c91341fd5cf4d2579b49c4b6a90da\";s:2:\"id\";i:1;s:3:\"qty\";i:1;s:4:\"name\";s:10:\"Hp Android\";s:5:\"price\";d:150;s:7:\"options\";O:39:\"Gloudemans\\Shoppingcart\\CartItemOptions\":2:{s:8:\"\0*\0items\";a:0:{}s:28:\"\0*\0escapeWhenCastingToString\";b:0;}s:49:\"\0Gloudemans\\Shoppingcart\\CartItem\0associatedModel\";s:18:\"App\\Models\\Product\";s:41:\"\0Gloudemans\\Shoppingcart\\CartItem\0taxRate\";i:21;s:41:\"\0Gloudemans\\Shoppingcart\\CartItem\0isSaved\";b:0;}}s:28:\"\0*\0escapeWhenCastingToString\";b:0;}',	'2023-01-14 05:30:06',	NULL);

DROP TABLE IF EXISTS `team_invitations`;
CREATE TABLE `team_invitations` (
  `id` bigint unsigned NOT NULL AUTO_INCREMENT,
  `team_id` bigint unsigned NOT NULL,
  `email` varchar(255) CHARACTER SET utf8mb4 COLLATE utf8mb4_unicode_ci NOT NULL,
  `role` varchar(255) CHARACTER SET utf8mb4 COLLATE utf8mb4_unicode_ci DEFAULT NULL,
  `created_at` timestamp NULL DEFAULT NULL,
  `updated_at` timestamp NULL DEFAULT NULL,
  PRIMARY KEY (`id`),
  UNIQUE KEY `team_invitations_team_id_email_unique` (`team_id`,`email`),
  CONSTRAINT `team_invitations_team_id_foreign` FOREIGN KEY (`team_id`) REFERENCES `teams` (`id`) ON DELETE CASCADE
) ENGINE=InnoDB DEFAULT CHARSET=utf8mb4 COLLATE=utf8mb4_unicode_ci;


DROP TABLE IF EXISTS `team_user`;
CREATE TABLE `team_user` (
  `id` bigint unsigned NOT NULL AUTO_INCREMENT,
  `team_id` bigint unsigned NOT NULL,
  `user_id` bigint unsigned NOT NULL,
  `role` varchar(255) CHARACTER SET utf8mb4 COLLATE utf8mb4_unicode_ci DEFAULT NULL,
  `created_at` timestamp NULL DEFAULT NULL,
  `updated_at` timestamp NULL DEFAULT NULL,
  PRIMARY KEY (`id`),
  UNIQUE KEY `team_user_team_id_user_id_unique` (`team_id`,`user_id`)
) ENGINE=InnoDB DEFAULT CHARSET=utf8mb4 COLLATE=utf8mb4_unicode_ci;


DROP TABLE IF EXISTS `teams`;
CREATE TABLE `teams` (
  `id` bigint unsigned NOT NULL AUTO_INCREMENT,
  `user_id` bigint unsigned NOT NULL,
  `name` varchar(255) CHARACTER SET utf8mb4 COLLATE utf8mb4_unicode_ci NOT NULL,
  `personal_team` tinyint(1) NOT NULL,
  `created_at` timestamp NULL DEFAULT NULL,
  `updated_at` timestamp NULL DEFAULT NULL,
  PRIMARY KEY (`id`),
  KEY `teams_user_id_index` (`user_id`)
) ENGINE=InnoDB DEFAULT CHARSET=utf8mb4 COLLATE=utf8mb4_unicode_ci;


DROP TABLE IF EXISTS `users`;
CREATE TABLE `users` (
  `id` bigint unsigned NOT NULL AUTO_INCREMENT,
  `name` varchar(255) CHARACTER SET utf8mb4 COLLATE utf8mb4_unicode_ci NOT NULL,
  `email` varchar(255) CHARACTER SET utf8mb4 COLLATE utf8mb4_unicode_ci NOT NULL,
  `email_verified_at` timestamp NULL DEFAULT NULL,
  `password` varchar(255) CHARACTER SET utf8mb4 COLLATE utf8mb4_unicode_ci NOT NULL,
  `two_factor_secret` text CHARACTER SET utf8mb4 COLLATE utf8mb4_unicode_ci,
  `two_factor_recovery_codes` text CHARACTER SET utf8mb4 COLLATE utf8mb4_unicode_ci,
  `two_factor_confirmed_at` timestamp NULL DEFAULT NULL,
  `remember_token` varchar(100) CHARACTER SET utf8mb4 COLLATE utf8mb4_unicode_ci DEFAULT NULL,
  `current_team_id` bigint unsigned DEFAULT NULL,
  `profile_photo_path` varchar(2048) CHARACTER SET utf8mb4 COLLATE utf8mb4_unicode_ci DEFAULT NULL,
  `utype` varchar(255) CHARACTER SET utf8mb4 COLLATE utf8mb4_unicode_ci NOT NULL DEFAULT 'USR' COMMENT 'ADM for Admin and USR for user',
  `created_at` timestamp NULL DEFAULT NULL,
  `updated_at` timestamp NULL DEFAULT NULL,
  PRIMARY KEY (`id`),
  UNIQUE KEY `users_email_unique` (`email`)
) ENGINE=InnoDB DEFAULT CHARSET=utf8mb4 COLLATE=utf8mb4_unicode_ci;

INSERT INTO `users` (`id`, `name`, `email`, `email_verified_at`, `password`, `two_factor_secret`, `two_factor_recovery_codes`, `two_factor_confirmed_at`, `remember_token`, `current_team_id`, `profile_photo_path`, `utype`, `created_at`, `updated_at`) VALUES
(1,	'admin',	'admin@admin.com',	NULL,	'$2y$10$0tm6lt7DQ3dW06W6CcEfNuXxUt9b1tttQx2ufQ4LpRAallnEQRBBe',	NULL,	NULL,	NULL,	NULL,	NULL,	NULL,	'ADM',	'2022-12-30 00:48:15',	'2022-12-30 00:48:15'),
(2,	'user2',	'user2@user.com',	NULL,	'$2y$10$Mfbf2AY1R6SApevjlz40JOfE5DnbJsMuwx5RFVgRqxOgiWT5.pe.e',	NULL,	NULL,	NULL,	NULL,	NULL,	NULL,	'USR',	'2022-12-30 01:53:47',	'2022-12-30 01:53:47'),
(3,	'Ferdinand',	'ferdinandanggris@gmail.com',	NULL,	'$2y$10$8OMtcpCMvqHUhS9sR/jpj.XqfnIfeZYyS1FffPpCsuRUYCG.ktqOy',	NULL,	NULL,	NULL,	NULL,	NULL,	NULL,	'USR',	'2023-01-10 06:24:27',	'2023-01-10 06:24:27'),
(4,	'anggris',	'anggris@gmail.com',	NULL,	'$2y$10$hssYIC58OPvLVMW32/B8peBMdQb/yxa4Rn4FUZfMmExODOiRkW8Vy',	NULL,	NULL,	NULL,	NULL,	NULL,	NULL,	'USR',	'2023-01-12 11:16:23',	'2023-01-12 11:16:23'),
(5,	'coba 1',	'coba1@gmail.com',	NULL,	'$2y$10$u4Lmxs53eVg1nRt9QNXgRuNopvyRMdbH/55QKFNYn1EDdgYmX342O',	NULL,	NULL,	NULL,	NULL,	NULL,	NULL,	'USR',	'2023-01-12 12:17:41',	'2023-01-12 12:17:41'),
(6,	'testing',	'testing@gmail.com',	NULL,	'$2y$10$7H0XbOcc7ScWP5J.WxtHf.m3ur9OLaE0WgYdbOyly7jh9BodO6UGO',	NULL,	NULL,	NULL,	NULL,	NULL,	NULL,	'USR',	'2023-01-14 05:29:58',	'2023-01-14 05:29:58');

-- 2023-01-14 13:17:10
